# 数据插入（insert）

## 语法格式

```sql
insert into 表名（字段名1，字段名2，字段名3，...） value(值1，值2，值3，...);
```

注意：字段名和值要一一对应，数量要对应，数据类型也要对应。

## 示例

在表的创建中已经创建了t_stundent表，整个表中的字段类型如下：

```sql
mysql> desc t_student;
+-------+--------------+------+-----+---------+-------+
| Field | Type         | Null | Key | Default | Extra |
+-------+--------------+------+-----+---------+-------+
| no    | int          | YES  |     | NULL    |       |
| name  | varchar(32)  | YES  |     | NULL    |       |
| sex   | char(1)      | YES  |     | NULL    |       |
| age   | int          | YES  |     | NULL    |       |
| email | varchar(255) | YES  |     | NULL    |       |
+-------+--------------+------+-----+---------+-------+
5 rows in set (0.02 sec)
```

现在插入一条数据：

```sql
mysql> insert into t_student(no,name,sex,age,email) values(1,'kuangdi','m',29,'7190**87@qq.com');
```

查看数据：

```sql
mysql> select * from t_student;
+----+---------+-----+-----+-----------------+
| no | name    | sex | age | email           |
+----+---------+-----+-----+-----------------+
|  1 | kuangdi | m   |  29 | 7190**87@qq.com |
+----+---------+-----+-----+-----------------+
1 row in set (0.03 sec)
```

注意：insert语句一旦执行成功，那么必然会多一条记录。

再插入一条，没有给其他字段指定值：

```sql
mysql> insert into t_student(no) values(2);
Query OK, 1 row affected (0.05 sec)

mysql> select * from t_student;
+----+---------+------+------+-----------------+
| no | name    | sex  | age  | email           |
+----+---------+------+------+-----------------+
|  1 | kuangdi | m    |   29 | 7190**87@qq.com |
|  2 | NULL    | NULL | NULL | NULL            |
+----+---------+------+------+-----------------+
2 rows in set (0.03 sec)
```

## 指定默认值

上面的t_student的默认值如下所示：

```sql
mysql> desc t_student;
+-------+--------------+------+-----+---------+-------+
| Field | Type         | Null | Key | Default | Extra |
+-------+--------------+------+-----+---------+-------+
| no    | int          | YES  |     | NULL    |       |
| name  | varchar(32)  | YES  |     | NULL    |       |
| sex   | char(1)      | YES  |     | NULL    |       |
| age   | int          | YES  |     | NULL    |       |
| email | varchar(255) | YES  |     | NULL    |       |
+-------+--------------+------+-----+---------+-------+
5 rows in set (0.02 sec)
```

可以看到所有字段的默认值都是NULL。这是因为我们在create的时候没有指定默认值。

那么我们drop掉t_student后，再用下面的语句进行创建：

```sql
create table t_student(no int,name varchar(32),sex char(1) default 'm',age int(3),email varchar(255));
```

再查每个字段的默认值：

```sql
mysql> desc t_student;
+-------+--------------+------+-----+---------+-------+
| Field | Type         | Null | Key | Default | Extra |
+-------+--------------+------+-----+---------+-------+
| no    | int          | YES  |     | NULL    |       |
| name  | varchar(32)  | YES  |     | NULL    |       |
| sex   | char(1)      | YES  |     | m       |       |
| age   | int          | YES  |     | NULL    |       |
| email | varchar(255) | YES  |     | NULL    |       |
+-------+--------------+------+-----+---------+-------+
5 rows in set (0.03 sec)

```

可以看出sex的默认值为m。

## 字段名省略

将前面的字段名都省略的话，表示所有的字段名都写上了，所以值也要写上。

错误示例：

```sql
mysql> insert into t_student values(2);
1136 - Column count doesn't match value count at row 1
```

正确示例：

```sql
mysql> insert into t_student values(1,'lili','f',10,'lili@139.com');
Query OK, 1 row affected (0.04 sec)

mysql> select * from t_student;
+----+------+-----+-----+--------------+
| no | name | sex | age | email        |
+----+------+-----+-----+--------------+
|  1 | lili | f   |  10 | lili@139.com |
+----+------+-----+-----+--------------+
1 row in set (0.03 sec)
```

## 插入日期

